Episode,Score,Epsilon,MaxTile
0,372.97,0.796,256
1,267.1,0.792,128
2,177.47,0.7881,64
3,310.53,0.7841,128
4,305.7,0.7802,128
5,329.9,0.7763,128
6,189.12,0.7724,64
7,239.68,0.7686,128
8,278.32,0.7647,128
9,154.59,0.7609,64
10,223.68,0.7571,128
11,132.52,0.7533,64
12,88.4,0.7495,32
13,152.18,0.7458,64
14,303.52,0.7421,128
15,356.42,0.7383,256
16,392.62,0.7347,256
17,152.77,0.731,64
18,170.1,0.7273,64
19,263.24,0.7237,128
20,186.55,0.7201,64
21,273.67,0.7165,128
22,300.97,0.7129,128
23,175.6,0.7093,64
24,212.44,0.7058,128
25,265.33,0.7022,128
26,87.2,0.6987,32
27,284.83,0.6952,128
28,182.88,0.6918,64
29,165.35,0.6883,64
30,178.95,0.6849,64
31,183.4,0.6814,64
32,377.81,0.678,256
33,168.08,0.6746,64
34,322.56,0.6713,128
35,194.65,0.6679,64
36,264.36,0.6646,128
37,241.96,0.6613,128
38,280.12,0.6579,128
39,313.66,0.6547,128
40,243.87,0.6514,128
41,276.88,0.6481,128
42,178.99,0.6449,64
43,248.21,0.6417,128
44,420.49,0.6385,256
45,267.18,0.6353,128
46,153.89,0.6321,64
47,276.38,0.6289,128
48,153.2,0.6258,64
49,258.74,0.6227,128
50,242.32,0.6195,128
51,245.32,0.6164,128
52,341.43,0.6134,128
53,228.45,0.6103,128
54,340.01,0.6072,256
55,198.89,0.6042,128
56,252.27,0.6012,128
57,267.68,0.5982,128
58,285.93,0.5952,128
59,333.07,0.5922,128
60,300.56,0.5892,128
61,340.58,0.5863,128
62,225.89,0.5834,64
63,296.76,0.5805,128
64,146.61,0.5776,64
65,234.5,0.5747,128
66,261.92,0.5718,128
67,143.66,0.5689,64
68,315.4,0.5661,256
69,245.37,0.5633,128
70,109.49,0.5604,32
71,317.5,0.5576,128
72,303.0,0.5548,128
73,260.46,0.5521,128
74,305.88,0.5493,128
75,320.98,0.5466,128
76,277.45,0.5438,128
77,229.74,0.5411,128
78,299.74,0.5384,128
79,313.15,0.5357,128
80,221.74,0.533,128
81,290.9,0.5304,128
82,247.48,0.5277,128
83,249.93,0.5251,128
84,285.38,0.5225,128
85,310.9,0.5198,128
86,225.4,0.5172,64
87,296.63,0.5147,128
88,367.55,0.5121,128
89,344.39,0.5095,128
90,148.27,0.507,64
91,197.85,0.5044,128
92,203.58,0.5019,64
93,289.15,0.4994,128
94,240.48,0.4969,128
95,207.98,0.4944,128
96,261.31,0.492,128
97,185.2,0.4895,64
98,442.95,0.4871,256
99,252.02,0.4846,128
100,262.45,0.4822,128
101,308.89,0.4798,128
102,162.29,0.4774,128
103,206.97,0.475,128
104,396.97,0.4726,128
105,107.83,0.4703,32
106,184.43,0.4679,64
107,282.03,0.4656,128
108,310.32,0.4632,128
109,153.48,0.4609,64
110,198.63,0.4586,128
111,170.47,0.4563,64
112,143.15,0.454,64
113,332.82,0.4518,128
114,233.37,0.4495,128
115,188.39,0.4473,64
116,179.24,0.445,64
117,203.28,0.4428,64
118,284.87,0.4406,128
119,164.77,0.4384,64
120,307.98,0.4362,128
121,111.98,0.434,32
122,337.1,0.4318,256
123,228.34,0.4297,128
124,143.43,0.4275,64
125,137.58,0.4254,64
126,209.58,0.4233,128
127,232.23,0.4212,128
128,350.46,0.4191,256
129,155.05,0.417,64
130,238.6,0.4149,128
131,446.21,0.4128,256
132,236.43,0.4107,64
133,130.5,0.4087,32
134,399.54,0.4066,256
135,237.84,0.4046,128
136,166.16,0.4026,64
137,179.83,0.4006,64
138,238.44,0.3986,128
139,156.54,0.3966,64
140,286.36,0.3946,128
141,291.67,0.3926,128
142,229.87,0.3907,64
143,142.05,0.3887,64
144,161.38,0.3868,64
145,357.37,0.3848,256
146,229.68,0.3829,128
147,156.46,0.381,64
148,205.83,0.3791,64
149,148.52,0.3772,64
150,249.7,0.3753,128
151,395.97,0.3734,256
152,304.33,0.3716,128
153,299.38,0.3697,128
154,248.49,0.3678,128
155,182.23,0.366,64
156,392.27,0.3642,256
157,162.53,0.3624,64
158,316.06,0.3605,128
159,167.27,0.3587,64
160,198.02,0.3569,128
161,176.58,0.3552,128
162,180.01,0.3534,64
163,278.04,0.3516,128
164,143.68,0.3499,64
165,296.61,0.3481,128
166,174.23,0.3464,64
167,93.11,0.3446,32
168,154.99,0.3429,64
169,189.84,0.3412,128
170,143.14,0.3395,64
171,321.5,0.3378,128
172,203.36,0.3361,128
173,463.41,0.3344,256
174,276.39,0.3328,128
175,168.08,0.3311,64
176,148.96,0.3294,64
177,170.36,0.3278,64
178,222.38,0.3262,128
179,252.8,0.3245,128
180,161.84,0.3229,64
181,49.79,0.3213,16
182,189.57,0.3197,128
183,186.99,0.3181,64
184,194.67,0.3165,64
185,258.2,0.3149,128
186,220.81,0.3133,64
187,213.65,0.3118,128
188,239.34,0.3102,128
189,288.69,0.3087,128
190,312.69,0.3071,128
191,253.9,0.3056,128
192,67.44,0.304,16
193,173.37,0.3025,64
194,164.58,0.301,64
195,306.46,0.2995,128
196,275.83,0.298,128
197,221.61,0.2965,128
198,219.93,0.295,128
199,279.9,0.2936,128
200,162.29,0.2921,64
201,267.35,0.2906,128
202,215.01,0.2892,64
203,119.64,0.2877,64
204,279.51,0.2863,128
205,406.13,0.2849,256
206,172.93,0.2834,128
207,108.04,0.282,64
208,294.25,0.2806,128
209,151.72,0.2792,64
210,207.84,0.2778,128
211,286.72,0.2764,128
212,148.77,0.275,64
213,162.52,0.2737,64
214,285.35,0.2723,128
215,55.42,0.2709,16
216,243.48,0.2696,64
217,135.83,0.2682,64
218,262.47,0.2669,128
219,148.57,0.2656,64
220,417.93,0.2642,256
221,231.79,0.2629,128
222,160.64,0.2616,64
223,141.7,0.2603,64
224,268.07,0.259,128
225,388.29,0.2577,256
226,213.9,0.2564,128
227,165.32,0.2551,64
228,318.18,0.2538,256
229,229.69,0.2526,128
230,211.03,0.2513,128
231,159.43,0.2501,64
232,214.44,0.2488,128
233,184.73,0.2476,64
234,524.15,0.2463,256
235,218.97,0.2451,128
236,347.22,0.2439,256
237,315.15,0.2427,128
238,243.45,0.2414,128
239,408.58,0.2402,128
240,274.2,0.239,128
241,306.16,0.2378,128
242,275.01,0.2366,128
243,105.39,0.2355,64
244,268.15,0.2343,128
245,159.86,0.2331,64
246,384.34,0.2319,256
247,233.76,0.2308,64
248,337.26,0.2296,256
249,81.76,0.2285,32
250,260.82,0.2273,128
251,136.49,0.2262,64
252,143.22,0.2251,64
253,264.63,0.224,128
254,234.07,0.2228,128
255,268.82,0.2217,128
256,330.55,0.2206,128
257,227.48,0.2195,64
258,112.31,0.2184,32
259,103.02,0.2173,32
260,304.57,0.2162,128
261,173.85,0.2151,64
262,191.54,0.2141,64
263,151.66,0.213,64
264,176.7,0.2119,64
265,100.54,0.2109,64
266,233.08,0.2098,128
267,180.76,0.2088,64
268,215.32,0.2077,128
269,139.87,0.2067,64
270,233.08,0.2057,128
271,261.37,0.2046,128
272,226.25,0.2036,128
273,179.4,0.2026,128
274,151.4,0.2016,64
275,120.77,0.2006,64
276,242.43,0.1996,256
277,273.49,0.1986,128
278,221.08,0.1976,128
279,254.35,0.1966,128
280,124.93,0.1956,64
281,304.75,0.1946,128
282,212.16,0.1937,128
283,256.97,0.1927,256
284,296.45,0.1917,256
285,137.7,0.1908,64
286,183.49,0.1898,128
287,138.17,0.1889,32
288,100.09,0.1879,32
289,156.9,0.187,64
290,212.46,0.186,128
291,341.39,0.1851,256
292,202.05,0.1842,128
293,286.66,0.1833,128
294,248.08,0.1823,128
295,391.21,0.1814,256
296,203.45,0.1805,64
297,265.99,0.1796,256
298,132.14,0.1787,64
299,170.92,0.1778,128
300,209.64,0.1769,128
301,196.8,0.1761,64
302,302.19,0.1752,128
303,214.52,0.1743,64
304,164.24,0.1734,64
305,136.75,0.1726,64
306,215.83,0.1717,128
307,353.25,0.1708,256
308,282.08,0.17,128
309,203.15,0.1691,128
310,216.78,0.1683,128
311,124.74,0.1675,64
312,234.45,0.1666,128
313,139.44,0.1658,64
314,261.52,0.165,128
315,110.65,0.1641,32
316,315.38,0.1633,128
317,150.18,0.1625,64
318,242.83,0.1617,256
319,148.22,0.1609,64
320,257.89,0.1601,128
321,233.64,0.1593,128
322,145.97,0.1585,64
323,158.0,0.1577,64
324,129.09,0.1569,64
325,143.85,0.1561,64
326,156.31,0.1553,64
327,184.65,0.1545,64
328,272.29,0.1538,128
329,257.88,0.153,128
330,218.99,0.1522,128
331,257.09,0.1515,64
332,145.73,0.1507,64
333,17.46,0.15,32
334,106.31,0.1492,32
335,152.98,0.1485,64
336,117.04,0.1477,64
337,132.02,0.147,128
338,257.17,0.1463,128
339,50.69,0.1455,64
340,276.0,0.1448,128
341,153.65,0.1441,64
342,113.9,0.1434,128
343,200.78,0.1426,128
344,236.65,0.1419,128
345,121.98,0.1412,64
346,326.71,0.1405,128
347,226.99,0.1398,128
348,229.94,0.1391,128
349,243.39,0.1384,128
350,244.53,0.1377,128
351,167.02,0.137,64
352,132.95,0.1363,64
353,129.53,0.1357,64
354,209.34,0.135,128
355,189.51,0.1343,64
356,187.38,0.1336,128
357,290.07,0.133,128
358,97.45,0.1323,64
359,163.29,0.1316,64
360,176.59,0.131,64
361,247.33,0.1303,128
362,258.22,0.1297,128
363,153.4,0.129,64
364,52.09,0.1284,32
365,120.02,0.1277,64
366,148.64,0.1271,64
367,238.24,0.1265,128
368,209.33,0.1258,128
369,225.81,0.1252,128
370,164.52,0.1246,64
371,200.61,0.124,64
372,249.73,0.1233,128
373,200.1,0.1227,128
374,189.8,0.1221,64
375,108.47,0.1215,64
376,82.55,0.1209,32
377,158.15,0.1203,64
378,250.87,0.1197,128
379,219.02,0.1191,128
380,197.35,0.1185,128
381,231.78,0.1179,128
382,221.21,0.1173,64
383,108.3,0.1167,32
384,134.1,0.1161,64
385,256.51,0.1156,128
386,157.34,0.115,64
387,119.4,0.1144,64
388,136.45,0.1138,64
389,168.94,0.1133,64
390,222.61,0.1127,128
391,285.66,0.1121,128
392,143.4,0.1116,128
393,132.6,0.111,64
394,201.27,0.1105,128
395,147.17,0.1099,64
396,164.53,0.1094,128
397,112.56,0.1088,64
398,143.7,0.1083,64
399,148.7,0.1077,128
400,90.87,0.1072,64
401,249.96,0.1067,64
402,192.76,0.1061,128
403,273.04,0.1056,128
404,193.95,0.1051,128
405,183.35,0.1045,64
406,232.11,0.104,128
407,226.05,0.1035,128
408,261.3,0.103,128
409,132.39,0.1025,64
410,116.72,0.1019,64
411,135.98,0.1014,64
412,293.68,0.1009,128
413,135.51,0.1004,64
414,125.01,0.0999,64
415,186.83,0.0994,64
416,121.8,0.0989,128
417,215.11,0.0984,128
418,59.03,0.0979,32
419,207.71,0.0975,128
420,88.77,0.097,64
421,141.61,0.0965,64
422,317.7,0.096,256
423,90.05,0.0955,64
424,191.02,0.095,128
425,179.5,0.0946,128
426,68.04,0.0941,64
427,240.31,0.0936,128
428,94.14,0.0932,64
429,130.26,0.0927,64
430,265.42,0.0922,128
431,255.88,0.0918,128
432,49.13,0.0913,32
433,114.73,0.0908,64
434,228.05,0.0904,128
435,315.48,0.0899,256
436,142.43,0.0895,64
437,229.83,0.089,128
438,156.7,0.0886,64
439,266.46,0.0882,256
440,190.37,0.0877,128
441,183.88,0.0873,64
442,154.19,0.0868,64
443,185.92,0.0864,64
444,178.87,0.086,64
445,250.1,0.0855,128
446,152.71,0.0851,64
447,290.63,0.0847,128
448,218.18,0.0843,256
449,58.51,0.0838,64
450,138.09,0.0834,64
451,118.48,0.083,64
452,275.33,0.0826,128
453,237.22,0.0822,128
454,162.41,0.0818,128
455,153.75,0.0814,64
456,71.9,0.081,32
457,289.16,0.0805,128
458,107.03,0.0801,64
459,98.8,0.0797,64
460,72.8,0.0793,64
461,262.93,0.079,128
462,60.6,0.0786,128
463,205.42,0.0782,128
464,160.3,0.0778,64
465,210.05,0.0774,64
466,217.22,0.077,128
467,267.97,0.0766,128
468,65.88,0.0762,64
469,171.2,0.0758,64
470,104.06,0.0755,64
471,180.8,0.0751,128
472,7.84,0.0747,64
473,236.59,0.0743,256
474,178.47,0.074,128
475,96.62,0.0736,128
476,257.0,0.0732,128
477,82.61,0.0729,32
478,183.05,0.0725,128
479,136.7,0.0721,64
480,202.07,0.0718,64
481,219.02,0.0714,128
482,299.99,0.0711,128
483,17.62,0.0707,64
484,152.0,0.0704,64
485,152.47,0.07,64
486,66.6,0.0697,64
487,79.5,0.0693,32
488,306.38,0.069,128
489,224.46,0.0686,128
490,117.36,0.0683,64
491,45.26,0.0679,64
492,152.14,0.0676,128
493,146.16,0.0672,128
494,142.89,0.0669,64
495,293.31,0.0666,128
496,206.89,0.0662,128
497,183.91,0.0659,64
498,55.88,0.0656,64
499,221.98,0.0653,128
500,139.39,0.0649,64
501,219.12,0.0646,128
502,147.01,0.0643,128
503,243.01,0.064,128
504,162.19,0.0636,128
505,166.36,0.0633,128
506,155.6,0.063,64
507,134.29,0.0627,128
508,99.41,0.0624,64
509,218.0,0.0621,128
510,239.27,0.0618,128
511,140.91,0.0614,64
512,83.38,0.0611,128
513,79.22,0.0608,64
514,163.51,0.0605,64
515,153.2,0.0602,128
516,79.52,0.0599,64
517,135.67,0.0596,64
518,100.92,0.0593,128
519,208.69,0.059,256
520,158.76,0.0587,128
521,73.95,0.0584,128
522,189.76,0.0582,128
523,144.45,0.0579,64
524,162.86,0.0576,64
525,218.82,0.0573,128
526,96.43,0.057,32
527,-16.41,0.0567,128
528,132.85,0.0564,128
529,233.44,0.0561,128
530,140.69,0.0559,128
531,249.77,0.0556,128
532,183.4,0.0553,128
533,292.33,0.055,128
534,108.35,0.0548,128
535,73.05,0.0545,32
536,108.84,0.0542,64
537,188.56,0.0539,64
538,161.26,0.0537,64
539,74.69,0.0534,128
540,372.36,0.0531,256
541,-70.18,0.0529,128
542,193.45,0.0526,128
543,249.21,0.0523,128
544,187.91,0.0521,64
545,95.81,0.0518,64
546,163.86,0.0516,128
547,235.21,0.0513,128
548,206.62,0.051,128
549,309.84,0.0508,256
550,87.42,0.0505,64
551,148.48,0.0503,64
552,162.97,0.05,128
553,197.82,0.05,128
554,136.56,0.05,128
555,196.33,0.05,128
556,174.89,0.05,64
557,137.6,0.05,64
558,140.87,0.05,128
559,111.39,0.05,128
560,130.44,0.05,64
561,222.21,0.05,128
562,255.87,0.05,128
563,171.53,0.05,128
564,102.8,0.05,64
565,-57.76,0.05,64
566,87.72,0.05,64
567,159.73,0.05,128
568,152.92,0.05,64
569,113.0,0.05,32
570,202.84,0.05,128
571,295.82,0.05,256
572,64.88,0.05,64
573,129.39,0.05,64
574,79.86,0.05,128
575,191.3,0.05,128
576,82.19,0.05,128
577,229.06,0.05,256
578,226.83,0.05,128
579,-57.31,0.05,128
580,293.59,0.05,128
581,307.64,0.05,256
582,97.92,0.05,32
583,159.72,0.05,128
584,74.88,0.05,32
585,138.39,0.05,64
586,160.64,0.05,64
587,370.72,0.05,256
588,62.2,0.05,128
589,23.9,0.05,64
590,126.82,0.05,128
591,168.84,0.05,128
592,115.15,0.05,64
593,272.4,0.05,128
594,177.83,0.05,64
595,55.85,0.05,128
596,115.71,0.05,64
597,175.4,0.05,64
598,194.44,0.05,128
599,182.73,0.05,128
600,-118.0,0.05,128
601,130.56,0.05,64
602,162.14,0.05,128
603,197.2,0.05,64
604,161.98,0.05,64
605,254.8,0.05,128
606,18.66,0.05,128
607,51.7,0.05,128
608,202.75,0.05,128
609,117.34,0.05,32
610,166.95,0.05,64
611,141.62,0.05,128
612,215.27,0.05,128
613,132.93,0.05,128
614,161.04,0.05,64
615,302.2,0.05,256
616,188.78,0.05,64
617,95.41,0.05,128
618,40.1,0.05,16
619,115.54,0.05,64
620,51.04,0.05,32
621,297.13,0.05,128
622,137.72,0.05,128
623,118.18,0.05,128
624,113.2,0.05,32
625,85.66,0.05,128
626,140.81,0.05,64
627,147.37,0.05,64
628,74.43,0.05,128
629,185.57,0.05,64
630,15.7,0.05,64
631,156.55,0.05,64
632,184.03,0.05,64
633,174.7,0.05,128
634,155.89,0.05,64
635,139.68,0.05,64
636,210.28,0.05,128
637,111.1,0.05,256
638,77.57,0.05,128
639,-13.36,0.05,64
640,128.46,0.05,64
641,41.58,0.05,128
642,109.33,0.05,128
643,252.53,0.05,128
644,91.95,0.05,64
645,110.57,0.05,128
646,17.57,0.05,128
647,30.22,0.05,256
648,52.23,0.05,128
649,-66.54,0.05,128
650,109.06,0.05,64
651,-8.78,0.05,128
652,245.14,0.05,128
653,87.15,0.05,64
654,190.77,0.05,64
655,238.1,0.05,128
656,40.44,0.05,128
657,194.55,0.05,128
658,47.06,0.05,128
659,93.85,0.05,64
660,94.64,0.05,64
661,150.08,0.05,128
662,95.77,0.05,32
663,121.66,0.05,64
664,139.68,0.05,128
665,154.34,0.05,64
666,125.76,0.05,128
667,278.85,0.05,256
668,72.86,0.05,32
669,254.4,0.05,128
670,62.25,0.05,32
671,301.42,0.05,128
672,237.45,0.05,128
673,114.66,0.05,32
674,72.53,0.05,128
675,155.66,0.05,128
676,136.31,0.05,128
677,178.23,0.05,256
678,241.93,0.05,128
679,272.48,0.05,128
680,69.14,0.05,64
681,243.65,0.05,128
682,38.52,0.05,64
683,77.13,0.05,64
684,124.39,0.05,64
685,181.28,0.05,64
686,228.1,0.05,128
687,155.2,0.05,128
688,143.45,0.05,128
689,269.86,0.05,128
690,-30.03,0.05,64
691,186.2,0.05,64
692,109.73,0.05,64
693,93.18,0.05,64
694,108.57,0.05,128
695,185.04,0.05,128
696,227.99,0.05,128
697,235.81,0.05,128
698,248.45,0.05,128
699,-61.25,0.05,128
700,-109.4,0.05,128
701,80.03,0.05,64
702,99.97,0.05,32
703,145.34,0.05,128
704,-28.9,0.05,128
705,209.37,0.05,128
706,87.72,0.05,64
707,178.51,0.05,64
708,125.65,0.05,64
709,-69.72,0.05,128
710,180.2,0.05,64
711,94.83,0.05,64
712,91.61,0.05,64
713,23.46,0.05,64
714,97.89,0.05,128
715,51.91,0.05,64
716,232.21,0.05,128
717,213.1,0.05,128
718,-13.89,0.05,128
719,65.46,0.05,128
720,234.17,0.05,128
721,116.72,0.05,64
722,81.22,0.05,32
723,227.28,0.05,128
724,168.3,0.05,128
725,77.7,0.05,64
726,253.01,0.05,128
727,224.26,0.05,128
728,216.09,0.05,128
729,247.36,0.05,128
730,272.18,0.05,256
731,419.09,0.05,256
732,191.53,0.05,64
733,214.85,0.05,128
734,226.21,0.05,128
735,142.91,0.05,128
736,-302.12,0.05,128
737,140.12,0.05,64
738,249.79,0.05,256
739,164.07,0.05,64
740,108.78,0.05,64
741,365.19,0.05,256
742,146.67,0.05,128
743,111.27,0.05,64
744,301.62,0.05,128
745,100.79,0.05,128
746,271.18,0.05,128
747,129.28,0.05,64
748,180.74,0.05,64
749,110.08,0.05,64
750,209.97,0.05,128
751,177.13,0.05,128
752,259.32,0.05,128
753,318.64,0.05,128
754,121.42,0.05,128
755,91.49,0.05,64
756,-1.9,0.05,64
757,86.01,0.05,64
758,233.17,0.05,128
759,145.97,0.05,64
760,-3.94,0.05,64
761,3.4,0.05,64
762,58.52,0.05,64
763,78.2,0.05,128
764,107.84,0.05,32
765,106.8,0.05,128
766,111.89,0.05,128
767,165.83,0.05,64
768,13.38,0.05,64
769,53.78,0.05,32
770,217.84,0.05,128
771,126.68,0.05,128
772,137.43,0.05,128
773,57.33,0.05,128
774,43.67,0.05,32
775,218.24,0.05,128
776,236.04,0.05,128
777,171.85,0.05,128
778,145.15,0.05,64
779,157.48,0.05,64
780,-45.12,0.05,128
781,263.62,0.05,256
782,188.23,0.05,128
783,89.57,0.05,32
784,53.86,0.05,32
785,122.07,0.05,64
786,100.04,0.05,64
787,178.51,0.05,128
788,133.98,0.05,64
789,-115.67,0.05,64
790,221.16,0.05,128
791,-2.18,0.05,128
792,-175.27,0.05,128
793,242.43,0.05,128
794,183.58,0.05,64
795,42.87,0.05,64
796,33.19,0.05,64
797,-68.26,0.05,128
798,20.6,0.05,64
799,250.28,0.05,128
800,287.18,0.05,128
801,171.87,0.05,128
802,25.44,0.05,128
803,64.0,0.05,128
804,244.65,0.05,128
805,172.75,0.05,64
806,207.89,0.05,128
807,159.85,0.05,64
808,168.21,0.05,128
809,124.71,0.05,128
810,11.78,0.05,256
811,168.14,0.05,128
812,86.65,0.05,64
813,168.63,0.05,128
814,269.32,0.05,128
815,188.17,0.05,64
816,168.65,0.05,64
817,98.92,0.05,128
818,230.3,0.05,128
819,152.02,0.05,32
820,-4.23,0.05,256
821,118.62,0.05,64
822,59.75,0.05,64
823,165.43,0.05,128
824,175.16,0.05,64
825,171.18,0.05,64
826,95.28,0.05,64
827,94.97,0.05,64
828,214.23,0.05,128
829,302.57,0.05,256
830,157.46,0.05,64
831,182.42,0.05,128
832,158.69,0.05,128
833,106.31,0.05,32
834,34.34,0.05,128
835,15.25,0.05,64
836,129.9,0.05,64
837,56.02,0.05,128
838,137.95,0.05,128
839,96.24,0.05,128
840,75.96,0.05,128
841,51.94,0.05,32
842,171.74,0.05,64
843,-113.19,0.05,128
844,-4.28,0.05,64
845,88.89,0.05,64
846,240.37,0.05,128
847,186.66,0.05,128
848,65.92,0.05,128
849,308.02,0.05,256
850,30.1,0.05,64
851,117.51,0.05,128
852,96.56,0.05,64
853,-80.67,0.05,128
854,129.61,0.05,128
855,113.22,0.05,32
856,-31.96,0.05,128
857,211.23,0.05,64
858,266.47,0.05,128
859,8.46,0.05,128
860,221.97,0.05,128
861,37.54,0.05,128
862,75.03,0.05,128
863,220.74,0.05,128
864,269.32,0.05,256
865,102.64,0.05,32
866,280.04,0.05,128
867,143.82,0.05,64
868,-14.01,0.05,64
869,146.84,0.05,64
870,31.99,0.05,64
871,-87.11,0.05,256
872,92.74,0.05,64
873,194.51,0.05,128
874,-79.52,0.05,128
875,32.34,0.05,64
876,92.58,0.05,32
877,120.55,0.05,64
878,249.65,0.05,128
879,43.72,0.05,32
880,215.92,0.05,128
881,66.55,0.05,128
882,248.32,0.05,128
883,70.44,0.05,64
884,298.43,0.05,256
885,64.5,0.05,128
886,73.49,0.05,64
887,110.16,0.05,128
888,61.73,0.05,128
889,79.93,0.05,64
890,225.19,0.05,128
891,221.89,0.05,128
892,171.48,0.05,128
893,79.46,0.05,64
894,-12.2,0.05,64
895,239.12,0.05,128
896,174.71,0.05,64
897,140.78,0.05,128
898,55.64,0.05,128
899,239.17,0.05,128
900,272.44,0.05,128
901,247.47,0.05,64
902,67.04,0.05,64
903,139.23,0.05,256
904,165.07,0.05,64
905,314.44,0.05,256
906,184.1,0.05,128
907,261.12,0.05,128
908,185.93,0.05,128
909,75.14,0.05,64
910,-8.98,0.05,64
911,321.83,0.05,128
912,84.66,0.05,64
913,217.29,0.05,128
914,11.34,0.05,128
915,97.9,0.05,64
916,18.99,0.05,128
917,126.36,0.05,32
918,159.07,0.05,64
919,193.94,0.05,128
920,220.63,0.05,128
921,92.6,0.05,32
922,72.02,0.05,128
923,125.04,0.05,64
924,188.81,0.05,256
925,105.25,0.05,128
926,52.87,0.05,64
927,231.18,0.05,256
928,128.69,0.05,128
929,63.66,0.05,64
930,300.86,0.05,128
931,163.65,0.05,128
932,124.87,0.05,128
933,145.66,0.05,64
934,158.59,0.05,64
935,132.25,0.05,32
936,139.52,0.05,128
937,133.34,0.05,128
938,238.29,0.05,128
939,122.11,0.05,64
940,94.77,0.05,64
941,34.81,0.05,128
942,17.3,0.05,64
943,173.57,0.05,64
944,160.39,0.05,128
945,232.31,0.05,128
946,204.21,0.05,128
947,354.93,0.05,256
948,168.25,0.05,128
949,273.01,0.05,128
950,112.19,0.05,64
951,2.32,0.05,128
952,113.05,0.05,32
953,317.39,0.05,128
954,114.8,0.05,128
955,135.65,0.05,64
956,309.93,0.05,128
957,17.06,0.05,128
958,191.2,0.05,128
959,214.71,0.05,128
960,190.18,0.05,64
961,71.46,0.05,64
962,71.91,0.05,128
963,134.84,0.05,64
964,135.1,0.05,64
965,179.71,0.05,128
966,42.12,0.05,64
967,-36.1,0.05,64
968,230.4,0.05,128
969,228.98,0.05,256
970,233.97,0.05,256
971,183.8,0.05,64
972,-129.93,0.05,128
973,92.18,0.05,64
974,165.98,0.05,256
975,157.57,0.05,64
976,232.83,0.05,128
977,168.03,0.05,128
978,29.16,0.05,64
979,61.89,0.05,128
980,168.23,0.05,128
981,151.0,0.05,64
982,121.15,0.05,64
983,-44.9,0.05,64
984,282.94,0.05,128
985,0.71,0.05,128
986,96.25,0.05,64
987,208.88,0.05,64
988,240.74,0.05,256
989,71.63,0.05,128
990,-246.04,0.05,128
991,127.18,0.05,64
992,9.29,0.05,64
993,185.67,0.05,64
994,211.47,0.05,128
995,297.08,0.05,128
996,152.22,0.05,128
997,181.64,0.05,64
998,85.59,0.05,32
999,263.34,0.05,128
1000,199.25,0.05,64
1001,186.6,0.05,128
1002,64.1,0.05,64
1003,89.34,0.05,64
1004,180.78,0.05,64
1005,238.96,0.05,128
1006,101.86,0.05,128
1007,238.31,0.05,128
1008,-106.29,0.05,64
1009,107.4,0.05,128
1010,132.83,0.05,64
1011,99.88,0.05,32
1012,129.12,0.05,32
1013,54.77,0.05,128
1014,180.24,0.05,128
1015,63.84,0.05,64
1016,129.9,0.05,64
1017,-16.78,0.05,64
1018,140.59,0.05,64
1019,-27.46,0.05,32
1020,74.39,0.05,128
1021,172.83,0.05,64
1022,-8.98,0.05,128
1023,112.94,0.05,64
1024,-1.75,0.05,64
1025,-215.42,0.05,128
1026,146.61,0.05,64
1027,0.51,0.05,128
1028,89.81,0.05,64
1029,81.36,0.05,64
1030,94.72,0.05,128
1031,37.7,0.05,64
1032,121.47,0.05,64
1033,116.32,0.05,128
1034,123.56,0.05,64
1035,34.74,0.05,64
1036,188.46,0.05,128
1037,144.52,0.05,128
1038,231.61,0.05,128
1039,97.41,0.05,128
1040,200.37,0.05,128
1041,265.71,0.05,128
1042,216.14,0.05,128
1043,180.4,0.05,64
1044,-66.8,0.05,128
1045,65.73,0.05,128
1046,74.98,0.05,32
1047,45.7,0.05,128
1048,110.09,0.05,32
1049,-61.78,0.05,128
1050,-134.26,0.05,128
1051,113.25,0.05,128
1052,99.13,0.05,64
1053,154.26,0.05,64
1054,29.33,0.05,64
1055,98.73,0.05,32
1056,219.99,0.05,128
1057,0.03,0.05,64
1058,-12.03,0.05,128
1059,201.02,0.05,128
1060,28.47,0.05,64
1061,130.23,0.05,128
1062,58.79,0.05,32
1063,120.72,0.05,64
1064,66.89,0.05,128
1065,221.33,0.05,256
1066,151.37,0.05,64
1067,111.45,0.05,128
1068,-17.72,0.05,64
1069,-28.91,0.05,128
1070,114.25,0.05,128
1071,70.8,0.05,64
1072,194.94,0.05,128
1073,65.47,0.05,64
1074,225.32,0.05,256
1075,82.58,0.05,64
1076,91.57,0.05,64
1077,-6.56,0.05,64
1078,36.83,0.05,64
1079,0.44,0.05,64
1080,56.93,0.05,128
1081,8.54,0.05,32
1082,133.18,0.05,64
1083,68.89,0.05,128
1084,81.54,0.05,64
1085,46.25,0.05,64
1086,119.84,0.05,64
1087,180.61,0.05,64
1088,131.63,0.05,64
1089,98.87,0.05,128
1090,207.9,0.05,128
1091,45.18,0.05,128
1092,170.5,0.05,128
1093,221.99,0.05,64
1094,26.86,0.05,128
1095,107.51,0.05,32
1096,131.86,0.05,64
1097,144.24,0.05,128
1098,72.31,0.05,128
1099,124.68,0.05,64
1100,91.63,0.05,32
1101,63.41,0.05,64
1102,68.74,0.05,32
1103,-71.29,0.05,64
1104,193.23,0.05,128
1105,189.39,0.05,128
1106,32.71,0.05,64
1107,5.31,0.05,256
1108,152.97,0.05,128
1109,-96.79,0.05,64
1110,174.25,0.05,128
1111,215.69,0.05,128
1112,246.18,0.05,128
1113,65.87,0.05,32
1114,66.48,0.05,128
1115,-40.03,0.05,64
1116,206.53,0.05,128
1117,79.94,0.05,128
1118,131.93,0.05,128
1119,77.25,0.05,128
1120,-21.68,0.05,128
1121,255.65,0.05,128
1122,-145.26,0.05,128
1123,132.19,0.05,64
1124,130.19,0.05,64
1125,143.03,0.05,128
1126,-77.67,0.05,128
1127,50.81,0.05,128
1128,164.45,0.05,128
1129,19.77,0.05,64
1130,-31.59,0.05,128
1131,191.74,0.05,64
1132,160.69,0.05,64
1133,85.55,0.05,64
1134,-0.14,0.05,64
1135,36.72,0.05,128
1136,204.47,0.05,128
1137,238.76,0.05,128
1138,-156.97,0.05,128
1139,-203.06,0.05,128
1140,207.04,0.05,128
1141,131.72,0.05,64
1142,57.19,0.05,32
1143,37.57,0.05,128
1144,205.76,0.05,128
1145,54.78,0.05,64
1146,191.75,0.05,128
1147,158.93,0.05,128
1148,145.07,0.05,64
1149,292.17,0.05,128
1150,253.48,0.05,128
1151,48.47,0.05,128
1152,-150.18,0.05,256
1153,70.23,0.05,64
1154,-372.54,0.05,64
1155,-39.15,0.05,128
1156,106.12,0.05,128
1157,19.84,0.05,32
1158,206.17,0.05,128
1159,37.09,0.05,32
1160,174.81,0.05,128
1161,263.03,0.05,128
1162,-32.43,0.05,64
1163,226.4,0.05,128
1164,249.77,0.05,128
1165,153.26,0.05,128
1166,17.45,0.05,128
1167,125.91,0.05,64
1168,86.13,0.05,32
1169,141.16,0.05,128
1170,-191.61,0.05,128
1171,55.11,0.05,64
1172,151.6,0.05,64
1173,65.0,0.05,128
1174,-120.83,0.05,128
1175,114.29,0.05,64
1176,-32.02,0.05,64
1177,137.45,0.05,64
1178,241.87,0.05,128
1179,177.27,0.05,64
1180,174.55,0.05,128
1181,182.69,0.05,128
1182,232.82,0.05,64
1183,80.99,0.05,64
1184,-36.77,0.05,128
1185,104.01,0.05,64
1186,147.79,0.05,64
1187,351.31,0.05,256
1188,92.24,0.05,128
1189,97.75,0.05,32
1190,106.4,0.05,128
1191,93.58,0.05,64
1192,50.05,0.05,128
1193,-161.9,0.05,64
1194,-1.17,0.05,64
1195,-65.95,0.05,128
1196,103.41,0.05,256
1197,71.99,0.05,32
1198,106.42,0.05,128
1199,175.72,0.05,128
1200,-71.47,0.05,128
1201,163.79,0.05,64
1202,-220.07,0.05,128
1203,116.52,0.05,128
1204,170.61,0.05,128
1205,150.99,0.05,128
1206,-32.91,0.05,64
1207,136.51,0.05,64
1208,217.05,0.05,128
1209,166.57,0.05,64
1210,211.44,0.05,128
1211,73.4,0.05,32
1212,148.37,0.05,64
1213,178.43,0.05,128
1214,125.89,0.05,128
1215,12.45,0.05,32
1216,118.79,0.05,64
1217,-132.48,0.05,256
1218,94.21,0.05,64
1219,37.15,0.05,32
1220,216.73,0.05,128
1221,-121.07,0.05,64
1222,129.52,0.05,128
1223,94.61,0.05,32
1224,117.15,0.05,64
1225,177.62,0.05,256
1226,-298.17,0.05,64
1227,235.83,0.05,128
1228,95.33,0.05,128
1229,145.03,0.05,128
1230,14.82,0.05,32
1231,167.95,0.05,128
1232,185.48,0.05,64
1233,118.13,0.05,256
1234,206.69,0.05,128
1235,65.23,0.05,128
1236,69.9,0.05,64
1237,-16.52,0.05,64
1238,86.95,0.05,32
1239,175.78,0.05,128
1240,71.12,0.05,64
1241,99.31,0.05,64
1242,30.8,0.05,128
1243,-31.32,0.05,64
1244,-2.47,0.05,64
1245,155.04,0.05,128
1246,-180.24,0.05,128
1247,187.22,0.05,128
1248,27.79,0.05,64
1249,-14.38,0.05,64
1250,-1.37,0.05,128
1251,190.77,0.05,128
1252,133.47,0.05,128
1253,271.71,0.05,256
1254,211.34,0.05,128
1255,100.08,0.05,64
1256,117.83,0.05,64
1257,161.31,0.05,64
1258,53.41,0.05,128
1259,82.62,0.05,32
1260,178.22,0.05,256
1261,-24.02,0.05,32
1262,157.42,0.05,256
1263,150.39,0.05,256
1264,149.97,0.05,64
1265,-1.87,0.05,128
1266,-4.07,0.05,256
1267,103.79,0.05,64
1268,31.17,0.05,128
1269,232.05,0.05,128
1270,175.48,0.05,128
1271,151.97,0.05,128
1272,121.5,0.05,64
1273,-119.21,0.05,64
1274,165.08,0.05,64
1275,64.84,0.05,32
1276,80.55,0.05,256
1277,17.62,0.05,128
1278,67.14,0.05,128
1279,167.39,0.05,128
1280,-3.22,0.05,128
1281,57.31,0.05,32
1282,249.13,0.05,128
1283,194.97,0.05,128
1284,100.56,0.05,32
1285,116.9,0.05,128
1286,104.02,0.05,64
1287,189.92,0.05,128
1288,115.44,0.05,64
1289,12.02,0.05,64
1290,142.16,0.05,128
1291,-75.25,0.05,128
1292,202.7,0.05,256
1293,225.01,0.05,128
1294,152.36,0.05,64
1295,-87.37,0.05,128
1296,119.68,0.05,128
1297,-75.54,0.05,64
1298,-79.96,0.05,128
1299,104.26,0.05,128
1300,103.47,0.05,128
1301,-88.38,0.05,128
1302,265.47,0.05,128
1303,176.31,0.05,256
1304,-121.36,0.05,256
1305,-191.95,0.05,128
1306,11.77,0.05,128
1307,121.57,0.05,64
1308,-274.5,0.05,128
1309,190.96,0.05,128
1310,183.93,0.05,64
1311,149.21,0.05,64
1312,94.99,0.05,256
1313,164.49,0.05,64
1314,53.92,0.05,64
1315,-61.86,0.05,128
1316,102.91,0.05,32
1317,33.62,0.05,128
1318,238.0,0.05,128
1319,26.76,0.05,64
1320,37.9,0.05,64
1321,104.82,0.05,64
1322,136.17,0.05,64
1323,-11.94,0.05,64
1324,198.22,0.05,128
1325,215.48,0.05,128
1326,98.05,0.05,128
1327,150.83,0.05,128
1328,130.04,0.05,64
1329,186.91,0.05,128
1330,290.24,0.05,128
1331,208.33,0.05,128
1332,88.83,0.05,32
1333,114.89,0.05,128
1334,5.23,0.05,64
1335,158.3,0.05,64
1336,163.12,0.05,64
1337,102.8,0.05,64
1338,94.59,0.05,128
1339,11.92,0.05,128
1340,118.17,0.05,64
1341,68.46,0.05,32
1342,192.97,0.05,128
1343,105.82,0.05,64
1344,-85.75,0.05,64
1345,217.33,0.05,128
1346,210.97,0.05,128
1347,36.68,0.05,32
1348,89.19,0.05,64
1349,170.73,0.05,64
1350,237.88,0.05,256
1351,187.66,0.05,64
1352,155.02,0.05,64
1353,105.25,0.05,64
1354,104.82,0.05,32
1355,307.45,0.05,256
1356,-40.16,0.05,128
1357,-473.05,0.05,128
1358,-61.95,0.05,128
1359,131.04,0.05,64
1360,-14.41,0.05,128
1361,171.65,0.05,128
1362,40.56,0.05,64
1363,143.71,0.05,128
1364,165.15,0.05,64
1365,98.4,0.05,64
1366,46.52,0.05,256
1367,-14.82,0.05,128
1368,276.22,0.05,128
1369,-223.94,0.05,64
1370,-288.25,0.05,128
1371,-29.42,0.05,32
1372,85.89,0.05,32
1373,-157.22,0.05,64
1374,135.79,0.05,128
1375,165.53,0.05,64
1376,117.81,0.05,64
1377,130.18,0.05,128
1378,119.97,0.05,64
1379,124.37,0.05,128
1380,227.4,0.05,128
1381,240.48,0.05,128
1382,50.05,0.05,64
1383,161.44,0.05,64
1384,138.6,0.05,64
1385,109.17,0.05,128
1386,124.74,0.05,128
1387,180.27,0.05,128
1388,-13.37,0.05,256
1389,185.19,0.05,128
1390,59.83,0.05,32
1391,310.72,0.05,128
1392,96.36,0.05,64
1393,88.37,0.05,64
1394,236.26,0.05,128
1395,-94.45,0.05,128
1396,74.56,0.05,128
1397,129.79,0.05,64
1398,230.27,0.05,128
1399,62.71,0.05,64
1400,220.62,0.05,128
1401,75.76,0.05,128
1402,116.04,0.05,32
1403,160.95,0.05,64
1404,13.66,0.05,64
1405,103.33,0.05,128
1406,256.03,0.05,128
1407,10.75,0.05,64
1408,144.44,0.05,128
1409,166.16,0.05,128
1410,96.85,0.05,128
1411,66.03,0.05,128
1412,251.95,0.05,128
1413,255.11,0.05,128
1414,163.29,0.05,128
1415,147.03,0.05,64
1416,11.57,0.05,64
1417,107.73,0.05,64
1418,94.39,0.05,128
1419,179.08,0.05,128
1420,-128.35,0.05,64
1421,70.02,0.05,64
1422,67.68,0.05,64
1423,101.12,0.05,32
1424,125.02,0.05,64
1425,148.93,0.05,64
1426,74.91,0.05,64
1427,4.29,0.05,64
1428,31.29,0.05,128
1429,57.85,0.05,64
1430,162.41,0.05,128
1431,176.82,0.05,64
1432,0.19,0.05,128
1433,-84.46,0.05,256
1434,177.56,0.05,64
1435,179.12,0.05,128
1436,-21.88,0.05,64
1437,123.99,0.05,32
1438,206.76,0.05,128
1439,-62.96,0.05,128
1440,134.25,0.05,64
1441,118.5,0.05,64
1442,44.17,0.05,128
1443,-70.57,0.05,64
1444,263.15,0.05,128
1445,-4.61,0.05,64
1446,130.17,0.05,64
1447,194.16,0.05,128
1448,179.17,0.05,128
1449,79.36,0.05,64
1450,146.95,0.05,64
1451,-82.22,0.05,32
1452,190.64,0.05,128
1453,40.77,0.05,64
1454,85.21,0.05,128
1455,-38.95,0.05,256
1456,223.68,0.05,128
1457,50.44,0.05,128
1458,225.54,0.05,128
1459,27.01,0.05,64
1460,235.41,0.05,128
1461,37.34,0.05,64
1462,122.44,0.05,64
1463,-186.34,0.05,256
1464,238.84,0.05,128
1465,258.09,0.05,128
1466,101.52,0.05,64
1467,106.68,0.05,128
1468,239.29,0.05,128
1469,36.65,0.05,64
1470,-3.99,0.05,64
1471,169.27,0.05,128
1472,142.17,0.05,128
1473,-1.3,0.05,64
1474,127.96,0.05,128
1475,36.53,0.05,128
1476,154.8,0.05,64
1477,146.77,0.05,64
1478,-12.5,0.05,64
1479,96.38,0.05,32
1480,50.58,0.05,64
1481,267.52,0.05,256
1482,-110.55,0.05,128
1483,222.17,0.05,128
1484,223.17,0.05,128
1485,122.72,0.05,32
1486,85.72,0.05,32
1487,156.38,0.05,128
1488,96.76,0.05,32
1489,126.36,0.05,128
1490,137.49,0.05,256
1491,91.01,0.05,64
1492,70.56,0.05,128
1493,285.68,0.05,128
1494,117.99,0.05,64
1495,210.85,0.05,128
1496,60.27,0.05,128
1497,197.1,0.05,128
1498,127.23,0.05,128
1499,56.24,0.05,64
1500,138.89,0.05,256
1501,-143.55,0.05,128
1502,170.67,0.05,128
1503,-16.06,0.05,32
1504,40.64,0.05,128
1505,73.93,0.05,64
1506,81.75,0.05,128
1507,235.56,0.05,128
1508,189.4,0.05,128
1509,197.11,0.05,128
1510,152.28,0.05,256
1511,-8.47,0.05,128
1512,-18.68,0.05,128
1513,112.26,0.05,64
1514,171.18,0.05,64
1515,164.95,0.05,64
1516,189.76,0.05,64
1517,81.93,0.05,128
1518,81.48,0.05,32
1519,124.12,0.05,32
1520,139.35,0.05,128
1521,-7.67,0.05,128
1522,284.19,0.05,128
1523,-55.15,0.05,64
1524,152.55,0.05,64
1525,212.65,0.05,128
1526,191.83,0.05,64
1527,296.78,0.05,256
1528,115.05,0.05,64
1529,-18.27,0.05,128
1530,128.2,0.05,256
1531,-125.7,0.05,128
1532,64.16,0.05,128
1533,139.73,0.05,64
1534,84.82,0.05,64
1535,53.72,0.05,64
1536,56.83,0.05,128
1537,14.42,0.05,128
1538,229.24,0.05,256
1539,201.22,0.05,128
1540,106.53,0.05,64
1541,95.61,0.05,64
1542,96.53,0.05,32
1543,-73.98,0.05,128
1544,-101.16,0.05,128
1545,74.35,0.05,256
1546,116.02,0.05,64
1547,-317.61,0.05,128
1548,244.24,0.05,128
1549,-242.97,0.05,128
1550,103.22,0.05,128
1551,-46.08,0.05,128
1552,-47.47,0.05,64
1553,46.38,0.05,128
1554,145.84,0.05,64
1555,67.9,0.05,128
1556,104.56,0.05,64
1557,87.59,0.05,64
1558,113.81,0.05,32
1559,188.65,0.05,128
1560,100.93,0.05,128
1561,186.09,0.05,128
1562,95.01,0.05,128
1563,61.3,0.05,64
1564,195.42,0.05,128
1565,-28.25,0.05,128
1566,242.23,0.05,128
1567,98.85,0.05,64
1568,213.54,0.05,128
1569,82.05,0.05,128
1570,104.78,0.05,128
1571,111.96,0.05,128
1572,179.06,0.05,128
1573,90.55,0.05,64
1574,132.81,0.05,64
1575,75.66,0.05,64
1576,166.58,0.05,64
1577,261.95,0.05,128
1578,68.03,0.05,64
1579,174.68,0.05,64
1580,103.06,0.05,32
1581,53.73,0.05,64
1582,116.4,0.05,64
1583,56.68,0.05,128
1584,185.38,0.05,128
1585,243.76,0.05,128
1586,117.35,0.05,128
1587,71.69,0.05,64
1588,98.1,0.05,64
1589,141.89,0.05,128
1590,265.74,0.05,128
1591,186.17,0.05,128
1592,82.32,0.05,64
1593,149.3,0.05,64
1594,125.63,0.05,128
1595,46.48,0.05,64
1596,28.77,0.05,32
1597,255.07,0.05,128
1598,207.36,0.05,64
1599,132.9,0.05,128
1600,58.93,0.05,64
1601,112.81,0.05,64
1602,98.76,0.05,64
1603,111.42,0.05,128
1604,-214.92,0.05,64
1605,97.15,0.05,32
1606,275.17,0.05,128
1607,66.65,0.05,64
1608,184.06,0.05,128
1609,168.71,0.05,128
1610,146.36,0.05,128
1611,-56.63,0.05,64
1612,-27.08,0.05,64
1613,105.02,0.05,32
1614,238.35,0.05,128
1615,109.93,0.05,128
1616,1.62,0.05,128
1617,222.86,0.05,128
1618,-172.41,0.05,128
1619,5.5,0.05,64
1620,217.18,0.05,128
1621,80.49,0.05,64
1622,272.43,0.05,128
1623,72.93,0.05,64
1624,70.62,0.05,64
1625,157.05,0.05,64
1626,138.95,0.05,128
1627,261.92,0.05,256
1628,23.21,0.05,64
1629,-139.96,0.05,64
1630,62.64,0.05,128
1631,129.69,0.05,256
1632,162.73,0.05,64
1633,74.19,0.05,64
1634,109.6,0.05,64
1635,19.74,0.05,128
1636,163.25,0.05,64
1637,207.64,0.05,128
1638,100.26,0.05,64
1639,144.37,0.05,64
1640,-244.4,0.05,64
1641,-46.94,0.05,64
1642,81.25,0.05,32
1643,174.17,0.05,64
1644,122.47,0.05,64
1645,29.58,0.05,64
1646,17.57,0.05,32
1647,-74.32,0.05,128
1648,228.57,0.05,128
1649,199.72,0.05,64
1650,104.78,0.05,64
1651,181.12,0.05,64
1652,-1.49,0.05,64
1653,56.02,0.05,64
1654,169.07,0.05,64
1655,126.24,0.05,64
1656,10.88,0.05,64
1657,270.37,0.05,128
1658,141.73,0.05,128
1659,223.56,0.05,128
1660,74.0,0.05,32
1661,237.64,0.05,256
1662,120.86,0.05,64
1663,-54.51,0.05,64
1664,85.97,0.05,32
1665,44.99,0.05,256
1666,122.88,0.05,64
1667,135.03,0.05,64
1668,140.21,0.05,64
1669,157.76,0.05,64
1670,45.67,0.05,128
1671,214.54,0.05,64
1672,-2.82,0.05,64
1673,-23.15,0.05,128
1674,111.86,0.05,256
1675,111.53,0.05,64
1676,78.62,0.05,128
1677,109.5,0.05,128
1678,24.56,0.05,64
1679,107.32,0.05,256
1680,169.12,0.05,64
1681,-20.09,0.05,64
1682,179.07,0.05,64
1683,154.2,0.05,128
1684,90.0,0.05,64
1685,62.57,0.05,128
1686,171.41,0.05,128
1687,-181.55,0.05,128
1688,37.73,0.05,256
1689,297.79,0.05,128
1690,143.41,0.05,64
1691,237.37,0.05,128
1692,25.18,0.05,64
1693,-0.2,0.05,64
1694,161.47,0.05,64
1695,229.37,0.05,128
1696,122.53,0.05,64
1697,201.57,0.05,128
1698,134.71,0.05,64
1699,227.94,0.05,128
1700,100.93,0.05,64
1701,131.33,0.05,64
1702,109.07,0.05,64
1703,244.58,0.05,128
1704,191.58,0.05,128
1705,-55.97,0.05,128
1706,179.91,0.05,64
1707,177.51,0.05,64
1708,-22.17,0.05,128
1709,-170.33,0.05,128
1710,205.85,0.05,64
1711,130.86,0.05,64
1712,-47.56,0.05,128
1713,199.73,0.05,128
1714,240.93,0.05,128
1715,12.2,0.05,64
1716,159.52,0.05,64
1717,8.01,0.05,64
1718,60.35,0.05,64
1719,55.11,0.05,64
1720,169.99,0.05,128
1721,149.38,0.05,64
1722,92.35,0.05,32
1723,26.1,0.05,64
1724,-17.76,0.05,128
1725,72.99,0.05,32
1726,156.86,0.05,128
1727,76.59,0.05,64
1728,13.9,0.05,128
1729,132.85,0.05,128
1730,124.51,0.05,64
1731,157.79,0.05,128
1732,185.06,0.05,64
1733,41.84,0.05,128
1734,-26.54,0.05,128
1735,59.31,0.05,128
1736,218.62,0.05,128
1737,125.07,0.05,64
1738,-17.93,0.05,64
1739,196.45,0.05,128
1740,24.52,0.05,32
1741,83.76,0.05,32
1742,186.85,0.05,128
1743,-8.54,0.05,128
1744,244.31,0.05,128
1745,182.48,0.05,128
1746,154.76,0.05,64
1747,-119.73,0.05,128
1748,176.87,0.05,128
1749,70.73,0.05,32
1750,30.48,0.05,128
1751,125.64,0.05,128
1752,29.41,0.05,64
1753,112.91,0.05,128
1754,-177.22,0.05,128
1755,94.77,0.05,128
1756,111.15,0.05,64
1757,22.89,0.05,64
1758,152.79,0.05,128
1759,95.37,0.05,64
1760,184.96,0.05,128
1761,72.86,0.05,64
1762,44.35,0.05,64
1763,142.33,0.05,64
1764,92.35,0.05,32
1765,-160.1,0.05,256
1766,280.59,0.05,256
1767,252.09,0.05,128
1768,185.4,0.05,128
1769,124.77,0.05,128
1770,123.83,0.05,64
1771,59.75,0.05,32
1772,162.84,0.05,64
1773,151.86,0.05,64
1774,147.98,0.05,64
1775,102.75,0.05,32
1776,192.43,0.05,128
1777,-95.72,0.05,128
1778,121.69,0.05,64
1779,2.47,0.05,128
1780,88.2,0.05,64
1781,167.7,0.05,64
1782,207.41,0.05,128
1783,95.56,0.05,64
1784,47.59,0.05,128
1785,161.79,0.05,64
1786,169.41,0.05,64
1787,102.03,0.05,64
1788,191.43,0.05,64
1789,-42.75,0.05,128
1790,246.45,0.05,128
1791,229.87,0.05,128
1792,151.72,0.05,64
1793,230.78,0.05,128
1794,164.86,0.05,128
1795,162.67,0.05,128
1796,162.5,0.05,128
1797,122.79,0.05,64
1798,218.78,0.05,128
1799,101.73,0.05,256
1800,4.44,0.05,128
1801,-7.17,0.05,32
1802,13.85,0.05,64
1803,158.35,0.05,64
1804,141.32,0.05,64
1805,112.17,0.05,128
1806,47.78,0.05,64
1807,64.26,0.05,64
1808,224.94,0.05,128
1809,202.58,0.05,256
1810,128.17,0.05,64
1811,113.52,0.05,64
1812,151.24,0.05,128
1813,119.93,0.05,64
1814,-24.11,0.05,64
1815,172.9,0.05,64
1816,-71.95,0.05,64
1817,287.45,0.05,256
1818,164.27,0.05,128
1819,140.5,0.05,128
1820,-60.97,0.05,128
1821,196.72,0.05,64
1822,-181.83,0.05,64
1823,74.58,0.05,128
1824,133.95,0.05,64
1825,94.51,0.05,128
1826,122.93,0.05,64
1827,171.52,0.05,64
1828,160.54,0.05,64
1829,69.6,0.05,128
1830,102.94,0.05,128
1831,147.19,0.05,64
1832,142.7,0.05,64
1833,39.63,0.05,128
1834,126.73,0.05,256
1835,102.54,0.05,128
1836,-23.81,0.05,128
1837,373.46,0.05,256
1838,210.17,0.05,128
1839,102.27,0.05,64
1840,172.69,0.05,64
1841,125.41,0.05,128
1842,155.66,0.05,64
1843,211.53,0.05,128
1844,107.38,0.05,32
1845,67.93,0.05,128
1846,1.75,0.05,64
1847,277.82,0.05,128
1848,-0.24,0.05,128
1849,67.34,0.05,64
1850,168.27,0.05,128
1851,163.92,0.05,64
1852,237.24,0.05,128
1853,233.34,0.05,128
1854,4.4,0.05,64
1855,180.61,0.05,128
1856,374.76,0.05,256
1857,45.08,0.05,64
1858,55.91,0.05,64
1859,114.77,0.05,128
1860,133.95,0.05,64
1861,105.73,0.05,64
1862,233.33,0.05,128
1863,135.31,0.05,64
1864,183.95,0.05,128
1865,158.93,0.05,64
1866,92.19,0.05,64
1867,5.27,0.05,64
1868,-21.07,0.05,64
1869,-40.23,0.05,64
1870,154.71,0.05,128
1871,96.9,0.05,64
1872,134.66,0.05,128
1873,234.26,0.05,128
1874,161.88,0.05,64
1875,247.49,0.05,128
1876,239.38,0.05,128
1877,150.17,0.05,256
1878,155.91,0.05,64
1879,112.78,0.05,64
1880,167.3,0.05,64
1881,88.3,0.05,32
1882,189.91,0.05,128
1883,155.32,0.05,128
1884,-79.58,0.05,64
1885,139.8,0.05,128
1886,167.49,0.05,64
1887,164.86,0.05,64
1888,202.54,0.05,64
1889,57.06,0.05,64
1890,163.13,0.05,64
1891,131.09,0.05,128
1892,78.33,0.05,128
1893,167.0,0.05,128
1894,-5.62,0.05,128
1895,137.32,0.05,64
1896,146.53,0.05,128
1897,215.61,0.05,256
1898,189.02,0.05,128
1899,172.07,0.05,64
1900,234.52,0.05,128
1901,224.07,0.05,128
1902,86.86,0.05,64
1903,36.69,0.05,32
1904,98.06,0.05,32
1905,81.14,0.05,64
1906,178.32,0.05,128
1907,130.89,0.05,128
1908,113.26,0.05,64
1909,145.57,0.05,64
1910,73.94,0.05,256
1911,167.05,0.05,64
1912,74.21,0.05,64
1913,283.74,0.05,512
1914,6.93,0.05,64
1915,292.78,0.05,256
1916,49.51,0.05,32
1917,145.31,0.05,128
1918,112.07,0.05,128
1919,-126.36,0.05,128
1920,119.6,0.05,64
1921,96.79,0.05,64
1922,-0.64,0.05,64
1923,36.28,0.05,128
1924,121.6,0.05,64
1925,176.18,0.05,128
1926,139.86,0.05,64
1927,158.68,0.05,128
1928,154.78,0.05,64
1929,161.44,0.05,128
1930,203.13,0.05,64
1931,105.31,0.05,64
1932,-55.54,0.05,64
1933,200.69,0.05,128
1934,97.6,0.05,64
1935,177.14,0.05,64
1936,204.65,0.05,128
1937,59.44,0.05,32
1938,137.11,0.05,64
1939,69.44,0.05,64
1940,232.76,0.05,128
1941,282.2,0.05,128
1942,211.72,0.05,128
1943,243.63,0.05,128
1944,235.24,0.05,128
1945,70.02,0.05,64
1946,66.56,0.05,128
1947,207.71,0.05,128
1948,30.08,0.05,32
1949,41.61,0.05,128
1950,222.01,0.05,128
1951,101.43,0.05,128
1952,174.29,0.05,64
1953,58.47,0.05,64
1954,68.61,0.05,64
1955,153.03,0.05,128
1956,205.49,0.05,128
1957,113.63,0.05,64
1958,179.47,0.05,64
1959,204.37,0.05,128
1960,152.71,0.05,64
1961,143.57,0.05,128
1962,154.61,0.05,128
1963,112.44,0.05,64
1964,158.45,0.05,64
1965,-28.86,0.05,64
1966,-20.3,0.05,64
1967,100.56,0.05,32
1968,106.63,0.05,32
1969,115.65,0.05,64
1970,139.81,0.05,64
1971,172.4,0.05,128
1972,119.62,0.05,64
1973,311.62,0.05,128
1974,158.03,0.05,64
1975,147.41,0.05,64
1976,116.8,0.05,64
1977,196.7,0.05,64
1978,148.99,0.05,64
1979,-12.29,0.05,128
1980,179.89,0.05,128
1981,37.29,0.05,32
1982,140.21,0.05,64
1983,190.7,0.05,128
1984,-84.78,0.05,64
1985,185.09,0.05,128
1986,-86.82,0.05,64
1987,183.17,0.05,64
1988,166.32,0.05,64
1989,239.52,0.05,128
1990,-72.06,0.05,64
1991,318.06,0.05,256
1992,20.99,0.05,128
1993,164.63,0.05,64
1994,93.74,0.05,128
1995,-45.78,0.05,64
1996,51.12,0.05,64
1997,185.97,0.05,128
1998,-38.68,0.05,128
1999,142.31,0.05,128
2000,185.33,0.05,128
2001,125.8,0.05,64
2002,102.49,0.05,64
2003,90.19,0.05,32
2004,338.71,0.05,256
2005,46.23,0.05,256
2006,123.06,0.05,128
2007,96.75,0.05,128
2008,170.78,0.05,64
2009,136.07,0.05,64
2010,-6.32,0.05,128
2011,79.99,0.05,32
2012,-15.0,0.05,32
2013,142.14,0.05,64
2014,148.01,0.05,64
2015,208.18,0.05,128
2016,-209.53,0.05,64
2017,167.22,0.05,64
2018,152.74,0.05,64
2019,27.82,0.05,128
2020,179.49,0.05,128
2021,24.43,0.05,128
2022,44.99,0.05,128
2023,81.98,0.05,32
2024,-303.43,0.05,128
2025,265.46,0.05,128
2026,118.75,0.05,128
2027,148.22,0.05,64
2028,227.19,0.05,128
2029,170.24,0.05,64
2030,80.87,0.05,32
2031,214.39,0.05,64
2032,-35.36,0.05,64
2033,241.74,0.05,256
2034,102.81,0.05,32
2035,112.16,0.05,64
2036,35.23,0.05,128
2037,-152.08,0.05,256
2038,214.34,0.05,64
2039,3.5,0.05,64
2040,116.24,0.05,64
2041,195.13,0.05,128
2042,144.66,0.05,64
2043,129.85,0.05,32
2044,171.99,0.05,128
2045,131.29,0.05,128
2046,215.6,0.05,128
2047,164.22,0.05,128
2048,54.27,0.05,128
2049,-52.26,0.05,64
2050,58.83,0.05,32
2051,-46.49,0.05,64
2052,-175.92,0.05,32
2053,51.94,0.05,64
2054,39.89,0.05,32
2055,-133.85,0.05,128
2056,149.28,0.05,64
2057,164.29,0.05,64
2058,113.95,0.05,32
2059,431.65,0.05,256
2060,51.39,0.05,16
2061,228.88,0.05,128
2062,126.08,0.05,64
2063,63.7,0.05,128
2064,13.95,0.05,128
2065,122.04,0.05,128
2066,-37.77,0.05,128
2067,44.07,0.05,64
2068,208.31,0.05,128
2069,49.74,0.05,128
2070,102.6,0.05,128
2071,402.07,0.05,256
2072,94.66,0.05,64
2073,107.0,0.05,64
2074,-49.33,0.05,64
2075,231.79,0.05,128
2076,-1.49,0.05,128
2077,70.95,0.05,64
2078,-28.02,0.05,32
2079,180.32,0.05,128
2080,98.79,0.05,64
2081,173.28,0.05,128
2082,189.05,0.05,128
2083,173.07,0.05,64
2084,183.78,0.05,128
2085,128.17,0.05,128
2086,257.43,0.05,128
2087,222.79,0.05,128
2088,94.78,0.05,128
2089,160.22,0.05,128
2090,185.78,0.05,128
2091,46.23,0.05,128
2092,-30.95,0.05,64
2093,44.21,0.05,64
2094,89.35,0.05,64
2095,176.65,0.05,64
2096,-7.28,0.05,64
2097,177.5,0.05,128
2098,49.0,0.05,64
2099,250.92,0.05,256
2100,-45.82,0.05,128
2101,234.4,0.05,128
2102,176.07,0.05,128
2103,317.35,0.05,128
2104,216.73,0.05,128
2105,73.38,0.05,64
2106,-21.07,0.05,64
2107,7.35,0.05,64
2108,155.34,0.05,128
2109,145.15,0.05,128
2110,138.26,0.05,64
2111,308.58,0.05,256
2112,196.01,0.05,64
2113,101.14,0.05,64
2114,149.89,0.05,128
2115,-90.62,0.05,128
2116,230.18,0.05,128
2117,14.65,0.05,64
2118,188.71,0.05,128
2119,-57.0,0.05,64
2120,-110.32,0.05,64
2121,-66.81,0.05,64
2122,-110.25,0.05,128
2123,86.23,0.05,256
2124,66.32,0.05,128
2125,55.54,0.05,128
2126,-1.6,0.05,16
2127,20.81,0.05,64
2128,137.44,0.05,64
2129,135.31,0.05,64
2130,176.77,0.05,64
2131,157.25,0.05,128
2132,88.6,0.05,32
2133,85.46,0.05,64
2134,194.37,0.05,128
2135,135.23,0.05,128
2136,128.94,0.05,64
2137,66.76,0.05,64
2138,158.6,0.05,128
2139,77.0,0.05,32
2140,27.0,0.05,64
2141,109.99,0.05,32
2142,229.97,0.05,128
2143,117.34,0.05,256
2144,158.63,0.05,128
2145,-68.2,0.05,64
2146,125.74,0.05,128
2147,11.93,0.05,16
2148,59.55,0.05,64
2149,255.6,0.05,128
2150,129.97,0.05,64
2151,169.98,0.05,64
2152,-54.61,0.05,256
2153,88.17,0.05,64
2154,11.47,0.05,128
2155,207.03,0.05,128
2156,130.41,0.05,64
2157,98.96,0.05,128
2158,249.91,0.05,128
2159,142.5,0.05,64
2160,251.05,0.05,256
2161,69.25,0.05,64
2162,145.08,0.05,64
2163,106.86,0.05,32
2164,212.88,0.05,128
2165,199.96,0.05,128
2166,109.2,0.05,128
2167,96.49,0.05,128
2168,139.05,0.05,64
2169,136.66,0.05,64
2170,238.25,0.05,128
2171,133.34,0.05,64
2172,204.41,0.05,128
2173,153.26,0.05,64
2174,220.97,0.05,128
2175,198.04,0.05,64
2176,175.88,0.05,64
2177,262.4,0.05,128
2178,60.25,0.05,128
2179,-40.35,0.05,64
2180,89.26,0.05,32
2181,126.68,0.05,64
2182,210.62,0.05,128
2183,112.72,0.05,256
2184,118.19,0.05,128
2185,268.82,0.05,128
2186,198.05,0.05,128
2187,124.25,0.05,64
2188,174.18,0.05,64
2189,85.54,0.05,128
2190,106.17,0.05,128
2191,46.75,0.05,128
2192,74.06,0.05,128
2193,260.54,0.05,128
2194,-109.69,0.05,64
2195,51.57,0.05,64
2196,78.12,0.05,128
2197,183.84,0.05,128
2198,260.47,0.05,256
2199,49.44,0.05,64
2200,132.47,0.05,128
2201,211.08,0.05,128
2202,247.7,0.05,256
2203,168.22,0.05,64
2204,125.49,0.05,64
2205,59.62,0.05,32
2206,230.71,0.05,128
2207,100.87,0.05,64
2208,186.11,0.05,128
2209,122.72,0.05,128
2210,-11.91,0.05,128
2211,93.33,0.05,64
2212,134.1,0.05,128
2213,71.95,0.05,64
2214,256.67,0.05,128
2215,241.64,0.05,128
2216,130.84,0.05,64
2217,-16.78,0.05,64
2218,79.24,0.05,128
2219,78.22,0.05,64
2220,-34.9,0.05,256
2221,200.6,0.05,128
2222,115.93,0.05,128
2223,95.63,0.05,64
2224,63.78,0.05,64
2225,254.68,0.05,128
2226,104.11,0.05,64
2227,-130.22,0.05,128
2228,272.19,0.05,128
2229,180.89,0.05,64
2230,185.37,0.05,128
2231,186.95,0.05,128
2232,177.77,0.05,64
2233,192.55,0.05,128
2234,191.41,0.05,64
2235,-61.09,0.05,64
2236,282.9,0.05,256
2237,125.24,0.05,32
2238,118.95,0.05,32
2239,84.12,0.05,64
2240,-48.43,0.05,64
2241,72.53,0.05,128
2242,-45.3,0.05,128
2243,46.22,0.05,256
2244,91.87,0.05,32
2245,81.78,0.05,32
2246,100.19,0.05,32
2247,8.57,0.05,64
2248,249.56,0.05,256
2249,132.59,0.05,64
2250,-37.09,0.05,256
2251,132.89,0.05,128
2252,-40.77,0.05,128
2253,178.52,0.05,64
2254,0.46,0.05,32
2255,53.43,0.05,64
2256,-40.68,0.05,64
2257,249.7,0.05,128
2258,215.92,0.05,128
2259,-225.25,0.05,64
2260,63.51,0.05,32
2261,231.46,0.05,128
2262,182.21,0.05,64
2263,54.84,0.05,128
2264,116.15,0.05,128
2265,82.18,0.05,32
2266,-116.21,0.05,128
2267,252.69,0.05,128
2268,101.38,0.05,64
2269,268.38,0.05,128
2270,115.17,0.05,128
2271,269.78,0.05,128
2272,187.68,0.05,128
2273,136.82,0.05,64
2274,19.58,0.05,32
2275,149.29,0.05,64
2276,40.8,0.05,64
2277,180.78,0.05,256
2278,115.69,0.05,128
2279,69.24,0.05,256
2280,101.82,0.05,32
2281,49.5,0.05,128
2282,117.87,0.05,128
2283,217.13,0.05,256
2284,137.56,0.05,128
2285,102.05,0.05,128
2286,179.07,0.05,64
2287,-20.61,0.05,256
2288,3.76,0.05,64
2289,82.3,0.05,128
2290,32.56,0.05,128
2291,119.3,0.05,256
2292,18.91,0.05,128
2293,215.18,0.05,128
2294,51.57,0.05,128
2295,202.02,0.05,128
2296,187.57,0.05,128
2297,68.87,0.05,128
2298,152.9,0.05,128
2299,135.99,0.05,64
2300,222.99,0.05,128
2301,151.71,0.05,128
2302,76.16,0.05,64
2303,234.15,0.05,128
2304,229.15,0.05,128
2305,-48.87,0.05,128
2306,138.85,0.05,64
2307,117.17,0.05,128
2308,85.17,0.05,32
2309,332.03,0.05,256
2310,163.33,0.05,64
2311,126.05,0.05,128
2312,212.73,0.05,128
2313,147.83,0.05,64
2314,326.18,0.05,256
2315,211.38,0.05,128
2316,-242.34,0.05,128
2317,-74.64,0.05,128
2318,120.65,0.05,32
2319,102.71,0.05,32
2320,79.95,0.05,32
2321,119.0,0.05,64
2322,166.21,0.05,128
2323,209.91,0.05,128
2324,140.2,0.05,64
2325,181.75,0.05,128
2326,115.14,0.05,32
2327,187.09,0.05,64
2328,179.89,0.05,64
2329,-12.89,0.05,64
2330,175.58,0.05,64
2331,92.52,0.05,128
2332,137.05,0.05,128
2333,165.3,0.05,64
2334,214.23,0.05,128
2335,147.22,0.05,64
2336,156.86,0.05,64
2337,139.51,0.05,64
2338,60.19,0.05,128
2339,357.25,0.05,256
2340,119.63,0.05,128
2341,131.06,0.05,64
2342,312.81,0.05,256
2343,446.76,0.05,256
2344,137.57,0.05,128
2345,116.4,0.05,64
2346,130.21,0.05,64
2347,167.73,0.05,64
2348,379.11,0.05,256
2349,-29.92,0.05,64
2350,126.03,0.05,64
2351,148.93,0.05,64
2352,-39.82,0.05,256
2353,151.74,0.05,64
2354,257.65,0.05,128
2355,183.13,0.05,256
2356,133.71,0.05,32
2357,30.16,0.05,128
2358,200.53,0.05,128
2359,168.1,0.05,128
2360,48.01,0.05,64
2361,68.72,0.05,32
2362,96.61,0.05,64
2363,77.29,0.05,32
2364,183.71,0.05,128
2365,164.5,0.05,128
2366,179.73,0.05,64
2367,38.12,0.05,64
2368,222.04,0.05,128
2369,84.64,0.05,32
2370,201.56,0.05,128
2371,252.4,0.05,128
2372,40.37,0.05,128
2373,106.9,0.05,64
2374,183.49,0.05,128
2375,128.61,0.05,64
2376,24.54,0.05,64
2377,192.16,0.05,128
2378,99.87,0.05,32
2379,84.09,0.05,64
2380,124.46,0.05,128
2381,107.07,0.05,256
2382,143.39,0.05,128
2383,39.52,0.05,128
2384,141.28,0.05,128
2385,55.48,0.05,64
2386,70.91,0.05,64
2387,176.81,0.05,128
2388,30.49,0.05,256
2389,208.19,0.05,128
2390,90.29,0.05,128
2391,68.22,0.05,128
2392,46.87,0.05,32
2393,48.96,0.05,128
2394,-320.09,0.05,64
2395,-162.38,0.05,128
2396,120.25,0.05,128
2397,43.36,0.05,64
2398,-212.75,0.05,64
2399,211.06,0.05,128
2400,274.76,0.05,128
2401,-133.51,0.05,128
2402,-45.8,0.05,128
2403,69.05,0.05,128
2404,104.43,0.05,64
2405,131.66,0.05,64
2406,133.71,0.05,128
2407,108.67,0.05,32
2408,169.8,0.05,64
2409,8.71,0.05,128
2410,99.74,0.05,32
2411,92.59,0.05,64
2412,3.97,0.05,64
2413,181.44,0.05,64
2414,167.15,0.05,128
2415,2.63,0.05,128
2416,180.01,0.05,128
2417,66.13,0.05,128
2418,45.39,0.05,128
2419,40.98,0.05,128
2420,189.82,0.05,128
2421,55.8,0.05,128
2422,13.81,0.05,128
2423,101.91,0.05,64
2424,71.95,0.05,128
2425,238.5,0.05,128
2426,73.85,0.05,64
2427,107.44,0.05,32
2428,30.93,0.05,128
2429,243.87,0.05,128
2430,194.08,0.05,64
2431,62.39,0.05,128
2432,108.02,0.05,128
2433,179.28,0.05,128
2434,192.43,0.05,64
2435,127.11,0.05,128
2436,115.37,0.05,64
2437,262.49,0.05,128
2438,56.54,0.05,128
2439,189.55,0.05,64
2440,195.78,0.05,128
2441,96.77,0.05,32
2442,198.66,0.05,256
2443,211.62,0.05,128
2444,160.93,0.05,64
2445,171.69,0.05,64
2446,60.33,0.05,64
2447,87.62,0.05,64
2448,166.76,0.05,64
2449,106.24,0.05,64
2450,164.53,0.05,64
2451,202.0,0.05,128
2452,182.84,0.05,128
2453,-39.31,0.05,128
2454,175.41,0.05,128
2455,139.61,0.05,64
2456,113.48,0.05,64
2457,110.36,0.05,64
2458,17.44,0.05,64
2459,149.24,0.05,128
2460,98.88,0.05,32
2461,263.99,0.05,128
2462,164.5,0.05,64
2463,90.56,0.05,64
2464,94.83,0.05,32
2465,101.39,0.05,32
2466,252.03,0.05,128
2467,97.83,0.05,128
2468,167.53,0.05,128
2469,97.75,0.05,32
2470,170.97,0.05,64
2471,156.5,0.05,64
2472,-68.94,0.05,128
2473,95.79,0.05,64
2474,116.93,0.05,128
2475,30.01,0.05,128
2476,62.36,0.05,128
2477,-143.31,0.05,128
2478,145.78,0.05,64
2479,174.55,0.05,64
2480,8.18,0.05,64
2481,26.9,0.05,128
2482,161.71,0.05,64
2483,105.7,0.05,32
2484,57.63,0.05,32
2485,146.35,0.05,64
2486,254.9,0.05,128
2487,101.3,0.05,64
2488,86.77,0.05,64
2489,-172.67,0.05,128
2490,223.93,0.05,128
2491,-1.55,0.05,128
2492,232.14,0.05,128
2493,54.81,0.05,64
2494,-68.16,0.05,128
2495,92.78,0.05,128
2496,133.82,0.05,64
2497,107.61,0.05,64
2498,103.74,0.05,128
2499,101.45,0.05,64
2500,135.45,0.05,64
2501,165.74,0.05,128
2502,212.79,0.05,128
2503,127.25,0.05,128
2504,104.39,0.05,64
2505,80.57,0.05,64
2506,3.23,0.05,32
2507,114.89,0.05,128
2508,-192.06,0.05,256
2509,194.03,0.05,128
2510,256.99,0.05,128
2511,34.77,0.05,64
2512,245.44,0.05,128
2513,-128.69,0.05,128
2514,144.28,0.05,64
2515,167.57,0.05,128
2516,192.54,0.05,128
2517,-7.13,0.05,128
2518,-36.69,0.05,128
2519,-272.38,0.05,128
2520,143.84,0.05,64
2521,153.02,0.05,128
2522,70.94,0.05,64
2523,159.24,0.05,64
2524,136.68,0.05,128
2525,-367.0,0.05,64
2526,28.55,0.05,128
2527,255.79,0.05,128
2528,35.1,0.05,128
2529,163.41,0.05,128
2530,208.72,0.05,128
2531,36.44,0.05,128
2532,108.0,0.05,128
2533,-29.66,0.05,64
2534,4.36,0.05,64
2535,154.63,0.05,128
2536,227.02,0.05,128
2537,226.58,0.05,128
2538,223.06,0.05,128
2539,232.92,0.05,128
2540,270.63,0.05,128
2541,198.02,0.05,64
2542,58.94,0.05,32
2543,-23.24,0.05,64
2544,125.98,0.05,128
2545,134.65,0.05,64
2546,93.63,0.05,256
2547,188.32,0.05,128
2548,-180.99,0.05,128
2549,35.44,0.05,128
2550,103.94,0.05,64
2551,129.76,0.05,128
2552,168.82,0.05,64
2553,-306.08,0.05,128
2554,70.43,0.05,16
2555,163.71,0.05,128
2556,197.63,0.05,128
2557,189.75,0.05,128
2558,1.28,0.05,64
2559,-149.77,0.05,64
2560,148.36,0.05,64
2561,132.29,0.05,32
2562,138.34,0.05,64
2563,208.42,0.05,128
2564,191.11,0.05,64
2565,30.73,0.05,128
2566,119.63,0.05,128
2567,69.71,0.05,32
2568,-87.69,0.05,128
2569,215.26,0.05,64
2570,301.36,0.05,256
2571,-0.04,0.05,256
2572,155.15,0.05,64
2573,73.93,0.05,128
2574,298.87,0.05,128
2575,108.6,0.05,128
2576,202.75,0.05,128
2577,21.8,0.05,64
2578,217.85,0.05,128
2579,-8.06,0.05,64
2580,103.48,0.05,64
2581,97.69,0.05,128
2582,39.39,0.05,128
2583,187.33,0.05,128
2584,141.52,0.05,128
2585,89.47,0.05,64
2586,271.32,0.05,256
2587,244.98,0.05,128
2588,247.64,0.05,128
2589,47.43,0.05,64
2590,116.12,0.05,64
2591,136.97,0.05,128
2592,240.96,0.05,128
2593,159.33,0.05,64
2594,114.93,0.05,128
2595,-93.25,0.05,64
2596,-88.23,0.05,128
2597,101.55,0.05,128
2598,-4.12,0.05,16
2599,55.62,0.05,64
2600,103.81,0.05,32
2601,173.47,0.05,64
2602,122.73,0.05,32
2603,151.0,0.05,64
2604,35.69,0.05,64
2605,122.62,0.05,64
2606,142.03,0.05,64
2607,174.71,0.05,64
2608,160.8,0.05,64
2609,-156.67,0.05,256
2610,34.23,0.05,256
2611,50.3,0.05,32
2612,-137.93,0.05,128
2613,51.11,0.05,64
2614,61.2,0.05,128
2615,80.61,0.05,128
2616,167.17,0.05,64
2617,165.98,0.05,64
2618,147.55,0.05,128
2619,32.08,0.05,256
2620,127.67,0.05,64
2621,79.79,0.05,128
2622,-72.65,0.05,32
2623,267.03,0.05,128
2624,141.35,0.05,128
2625,46.97,0.05,32
2626,171.42,0.05,64
2627,80.02,0.05,32
2628,134.34,0.05,64
2629,83.55,0.05,64
2630,-141.58,0.05,256
2631,208.18,0.05,128
2632,-48.78,0.05,64
2633,279.36,0.05,128
2634,205.5,0.05,128
2635,125.94,0.05,256
2636,201.12,0.05,128
2637,44.72,0.05,32
2638,83.74,0.05,32
2639,72.05,0.05,64
2640,138.19,0.05,64
2641,223.32,0.05,128
2642,324.57,0.05,256
2643,174.52,0.05,64
2644,134.03,0.05,64
2645,53.12,0.05,64
2646,-99.16,0.05,64
2647,86.56,0.05,64
2648,-150.54,0.05,32
2649,-15.65,0.05,128
2650,39.17,0.05,32
2651,-91.45,0.05,128
2652,171.25,0.05,128
2653,-230.89,0.05,128
2654,61.19,0.05,32
2655,225.95,0.05,128
2656,141.14,0.05,64
2657,133.47,0.05,64
2658,-29.62,0.05,64
2659,-65.16,0.05,64
2660,65.37,0.05,128
2661,232.65,0.05,128
2662,4.08,0.05,128
2663,90.21,0.05,32
2664,219.97,0.05,128
2665,37.42,0.05,32
2666,150.23,0.05,64
2667,8.04,0.05,128
2668,118.51,0.05,128
2669,-98.66,0.05,256
2670,164.8,0.05,64
2671,-108.16,0.05,128
2672,135.3,0.05,64
2673,84.26,0.05,32
2674,15.17,0.05,128
2675,104.32,0.05,64
2676,160.73,0.05,64
2677,-46.69,0.05,128
2678,-56.1,0.05,128
2679,215.35,0.05,128
2680,-91.0,0.05,64
2681,-13.09,0.05,128
2682,155.03,0.05,64
2683,261.68,0.05,128
2684,135.27,0.05,64
2685,124.94,0.05,64
2686,-40.99,0.05,128
2687,303.02,0.05,256
2688,81.58,0.05,32
2689,-60.4,0.05,128
2690,70.21,0.05,128
2691,58.96,0.05,64
2692,192.19,0.05,128
2693,32.01,0.05,128
2694,170.6,0.05,128
2695,154.05,0.05,64
2696,72.08,0.05,128
2697,51.83,0.05,64
2698,188.57,0.05,128
2699,77.86,0.05,64
2700,167.04,0.05,64
2701,175.05,0.05,64
2702,152.83,0.05,64
2703,87.08,0.05,64
2704,147.91,0.05,64
2705,183.7,0.05,128
2706,50.03,0.05,64
2707,95.92,0.05,64
2708,93.59,0.05,64
2709,187.26,0.05,128
2710,141.91,0.05,128
2711,33.14,0.05,256
2712,188.28,0.05,64
2713,227.58,0.05,128
2714,181.16,0.05,128
2715,44.22,0.05,64
2716,212.62,0.05,128
2717,53.63,0.05,64
2718,146.11,0.05,128
2719,50.71,0.05,128
2720,110.35,0.05,128
2721,15.65,0.05,128
2722,-10.95,0.05,64
2723,153.64,0.05,128
2724,115.17,0.05,64
2725,211.85,0.05,128
2726,-3.89,0.05,64
2727,46.43,0.05,64
2728,176.0,0.05,64
2729,29.02,0.05,32
2730,100.15,0.05,128
2731,96.38,0.05,128
2732,98.44,0.05,64
2733,172.16,0.05,64
2734,103.74,0.05,64
2735,113.67,0.05,128
2736,116.5,0.05,128
2737,41.23,0.05,128
2738,66.7,0.05,64
2739,-160.74,0.05,128
2740,-35.97,0.05,128
2741,70.76,0.05,32
2742,-139.3,0.05,128
2743,114.76,0.05,32
2744,51.64,0.05,64
2745,114.41,0.05,64
2746,-46.87,0.05,128
2747,260.46,0.05,128
2748,251.25,0.05,128
2749,135.21,0.05,64
2750,64.32,0.05,32
2751,104.33,0.05,128
2752,120.32,0.05,64
2753,118.98,0.05,256
2754,33.92,0.05,32
2755,59.72,0.05,64
2756,143.9,0.05,128
2757,26.42,0.05,64
2758,-144.08,0.05,128
2759,32.93,0.05,64
2760,136.4,0.05,64
2761,4.9,0.05,128
2762,160.43,0.05,64
2763,153.23,0.05,128
2764,125.86,0.05,128
2765,92.55,0.05,32
2766,93.11,0.05,128
2767,-30.81,0.05,64
2768,62.64,0.05,64
2769,-166.54,0.05,128
2770,202.03,0.05,64
2771,93.03,0.05,32
2772,207.44,0.05,64
2773,229.27,0.05,128
2774,133.91,0.05,128
2775,200.53,0.05,128
2776,-345.87,0.05,64
2777,97.19,0.05,64
2778,216.1,0.05,128
2779,204.65,0.05,64
2780,67.28,0.05,64
2781,197.74,0.05,128
2782,131.9,0.05,64
2783,135.54,0.05,128
2784,156.58,0.05,128
2785,83.53,0.05,64
2786,306.14,0.05,128
2787,289.5,0.05,256
2788,114.99,0.05,64
2789,254.11,0.05,128
2790,118.23,0.05,64
2791,29.92,0.05,256
2792,118.64,0.05,64
2793,212.56,0.05,128
2794,228.2,0.05,256
2795,81.21,0.05,32
2796,-59.15,0.05,128
2797,165.4,0.05,128
2798,124.73,0.05,64
2799,7.79,0.05,32
2800,163.22,0.05,64
2801,217.34,0.05,128
2802,45.55,0.05,64
2803,130.82,0.05,64
2804,221.64,0.05,128
2805,279.96,0.05,128
2806,191.37,0.05,128
2807,234.53,0.05,128
2808,110.25,0.05,64
2809,87.21,0.05,32
2810,189.57,0.05,128
2811,145.76,0.05,64
2812,149.13,0.05,128
2813,250.16,0.05,128
2814,-19.75,0.05,32
2815,153.82,0.05,128
2816,98.41,0.05,64
2817,134.52,0.05,128
2818,209.01,0.05,128
2819,91.27,0.05,128
2820,307.44,0.05,256
2821,156.76,0.05,64
2822,72.53,0.05,32
2823,45.76,0.05,128
2824,52.33,0.05,128
2825,185.33,0.05,64
2826,71.9,0.05,64
2827,77.85,0.05,64
2828,-70.15,0.05,128
2829,167.89,0.05,128
2830,166.78,0.05,64
2831,46.83,0.05,64
2832,34.72,0.05,64
2833,345.69,0.05,256
2834,160.2,0.05,128
2835,109.08,0.05,64
2836,3.92,0.05,128
2837,166.7,0.05,128
2838,-81.53,0.05,512
2839,94.26,0.05,64
2840,-152.73,0.05,64
2841,220.15,0.05,128
2842,215.35,0.05,64
2843,154.23,0.05,64
2844,239.4,0.05,128
2845,226.56,0.05,64
2846,106.99,0.05,64
2847,205.1,0.05,128
2848,106.42,0.05,64
2849,88.22,0.05,128
2850,-11.12,0.05,64
2851,188.1,0.05,128
2852,110.6,0.05,32
2853,124.12,0.05,64
2854,-50.86,0.05,64
2855,137.78,0.05,64
2856,39.83,0.05,256
2857,156.95,0.05,64
2858,113.78,0.05,64
2859,13.34,0.05,64
2860,73.37,0.05,64
2861,178.93,0.05,128
2862,200.44,0.05,128
2863,-246.44,0.05,128
2864,25.91,0.05,64
2865,121.02,0.05,64
2866,153.49,0.05,64
2867,199.7,0.05,128
2868,115.94,0.05,64
2869,97.68,0.05,128
2870,113.96,0.05,32
2871,68.64,0.05,32
2872,29.72,0.05,64
2873,26.79,0.05,64
2874,173.11,0.05,128
2875,63.55,0.05,64
2876,148.39,0.05,64
2877,165.4,0.05,64
2878,191.43,0.05,256
2879,162.2,0.05,64
2880,175.86,0.05,64
2881,157.62,0.05,64
2882,153.43,0.05,128
2883,151.28,0.05,64
2884,224.64,0.05,128
2885,20.77,0.05,128
2886,125.84,0.05,64
2887,140.63,0.05,64
2888,66.11,0.05,128
2889,101.97,0.05,64
2890,214.07,0.05,256
2891,132.08,0.05,64
2892,145.2,0.05,128
2893,111.58,0.05,64
2894,90.36,0.05,128
2895,-4.31,0.05,64
2896,135.29,0.05,64
2897,62.12,0.05,64
2898,277.95,0.05,128
2899,-171.78,0.05,256
2900,45.99,0.05,32
2901,177.62,0.05,128
2902,183.97,0.05,64
2903,-72.09,0.05,128
2904,119.31,0.05,64
2905,150.83,0.05,64
2906,151.69,0.05,128
2907,246.76,0.05,128
2908,164.72,0.05,128
2909,171.32,0.05,64
2910,-67.19,0.05,128
2911,143.6,0.05,128
2912,80.92,0.05,64
2913,92.2,0.05,32
2914,-273.8,0.05,64
2915,42.19,0.05,64
2916,169.89,0.05,128
2917,248.3,0.05,256
2918,228.24,0.05,128
2919,121.26,0.05,32
2920,181.16,0.05,256
2921,74.11,0.05,32
2922,141.69,0.05,64
2923,130.24,0.05,64
2924,115.31,0.05,128
2925,199.03,0.05,128
2926,-45.89,0.05,128
2927,112.2,0.05,64
2928,33.23,0.05,128
2929,349.6,0.05,256
2930,205.87,0.05,128
2931,241.35,0.05,128
2932,44.09,0.05,64
2933,68.64,0.05,128
2934,201.03,0.05,128
2935,184.95,0.05,256
2936,-170.26,0.05,128
2937,38.26,0.05,128
2938,15.33,0.05,64
2939,-0.69,0.05,128
2940,203.62,0.05,128
2941,254.42,0.05,128
2942,114.48,0.05,128
2943,-45.31,0.05,64
2944,129.92,0.05,128
2945,220.24,0.05,128
2946,221.39,0.05,128
2947,244.65,0.05,128
2948,-78.59,0.05,64
2949,143.1,0.05,64
2950,157.47,0.05,128
2951,150.55,0.05,128
2952,180.53,0.05,64
2953,44.18,0.05,64
2954,158.16,0.05,64
2955,25.85,0.05,128
2956,153.48,0.05,64
2957,74.69,0.05,64
2958,23.66,0.05,256
2959,160.24,0.05,64
2960,-77.98,0.05,128
2961,279.48,0.05,256
2962,156.84,0.05,128
2963,19.0,0.05,32
2964,164.97,0.05,64
2965,-56.79,0.05,64
2966,-97.11,0.05,128
2967,123.65,0.05,64
2968,69.11,0.05,64
2969,182.86,0.05,128
2970,-31.08,0.05,128
2971,187.29,0.05,128
2972,212.59,0.05,64
2973,-117.19,0.05,64
2974,-52.89,0.05,128
2975,270.52,0.05,128
2976,53.59,0.05,32
2977,167.84,0.05,128
2978,-43.63,0.05,128
2979,130.53,0.05,128
2980,89.84,0.05,64
2981,130.43,0.05,128
2982,-217.42,0.05,256
2983,191.46,0.05,64
2984,108.81,0.05,128
2985,127.0,0.05,128
2986,99.37,0.05,128
2987,184.94,0.05,64
2988,163.42,0.05,64
2989,192.36,0.05,128
2990,146.48,0.05,128
2991,88.87,0.05,128
2992,135.25,0.05,64
2993,243.41,0.05,128
2994,-189.83,0.05,64
2995,113.35,0.05,32
2996,131.28,0.05,64
2997,163.34,0.05,128
2998,43.71,0.05,32
2999,25.92,0.05,64
